<project xmlns="http://maven.apache.org/POM/4.0.0" xmlns:xsi="http://www.w3.org/2001/XMLSchema-instance"
  xsi:schemaLocation="http://maven.apache.org/POM/4.0.0 http://maven.apache.org/maven-v4_0_0.xsd">
  <modelVersion>4.0.0</modelVersion>
  <groupId>g_e</groupId>
  <artifactId>a_e</artifactId>
  <packaging>war</packaging>
  <version>s_e</version>
  <name>a_e Maven Webapp</name>
  <url>http://maven.apache.org</url>
  <dependencies>

    <!-- Dependência com a biblioteca de Servlet versão 3. -->
    <dependency>
      <!-- Identificação do grupo da biblioteca.  -->
      <groupId>javax.servlet</groupId>
      <!-- Identificação da biblioteca.  -->
      <artifactId>javax.servlet-api</artifactId>
      <!-- Versão da biblioteca.  -->
      <version>3.1.0</version>
      <!-- Instrução que faz com que o Maven exclua essa biblioteca do pacote final do projeto. É que os servidores de aplicação já possuem essa biblioteca dentro deles.  -->
      <scope>provided</scope>
    </dependency>
    <!-- Para usar o driver do banco de dados Derby. -->
    <dependency>
      <groupId>org.apache.derby</groupId>
      <artifactId>derbyclient</artifactId>
      <version>${derby.version}</version>
    </dependency>



    <dependency>
      <groupId>junit</groupId>
      <artifactId>junit</artifactId>
      <version>3.8.1</version>
      <scope>test</scope>
    </dependency>
  </dependencies>
  <build>
    <finalName>a_e</finalName>
  </build>
</project>
